name,company,description,lieu,salaire,type,platform
Accelerator Data & AI Engineering (Lyon) - job post,Sanofi EU,"
 Le contenu du poste est libellé en anglais car il nécessite de nombreuses interactions avec nos filiales à l’international, l'anglais étant la langue de travail.
 
  This job offer is accessible to all, regardless of gender.
 
  Job title: Accelerator Digital Data Engineer
 
 
   Location: Lyon, France
   Hybrid 3 day on site, 2 days WFH
 
 
  About the job
 
 As a Data Engineer within our Digital Manufacturing & Supply Accelerator team, you will contribute to revolutionizing how Sanofi delivers life-saving medicines through AI and digital innovation. Your solid experience will be valuable in implementing and optimizing our data solutions. Ready to apply your skills to meaningful challenges?
 
  Based in Lyon, France, you will be part of a dynamic team driving Sanofi's digital transformation in manufacturing. Our Digital Manufacturing & Supply Accelerator is implementing cutting-edge technologies, making our factories smarter and more efficient. Join the first biopharma company powered by AI at scale, where your expertise will directly impact how we deliver treatments to patients worldwide.
 
  About Sanofi:
 
  We’re an R&D-driven, AI-powered biopharma company committed to improving people’s lives and delivering compelling growth. Our deep understanding of the immune system – and innovative pipeline – enables us to invent medicines and vaccines that treat and protect millions of people around the world. Together, we chase the miracles of science to improve people’s lives.
 
  Main responsibilities:
 
 
  Design and implement data pipelines that transform raw data into valuable insights, ensuring scalability and reliability in cloud environments
  Develop and fine tune data models with a focus on query performance and efficient workloads
  Collaborate with cross-functional teams to translate business requirements into technical solutions
  Implement data quality checks and follow governance standards
  Support and maintain automated data ingestion processes and monitoring systems to track operational KPIs, troubleshoot issues, and maintain pipeline health
  Build and maintain ETL processes and machine learning workflows, providing clean AI ready data for our applications
  Apply and share data engineering best practices, including design patterns, CI/CD integrations, containerized deployments, and participate in peer review of code and technical documentation
 
 
  About you
 
  Experience:
 
 
  Solid experience in implementing data pipelines and data warehouse solutions in cloud environments
  Strong experience with data modeling, ETL/ELT processes, and pipeline orchestration in production settings
  Experience working with cross-functional teams to translate business requirements into technical solutions
 
 
  Technical Skills:
 
 
  Strong proficiency in SQL and data warehousing platforms (Snowflake preferred)
  Hands-on experience with ETL tools (IICS or equivalent), data transformation tools (dbt preferred) and Python for data processing
  Experience with cloud platforms (AWS preferred) including orchestration frameworks (Airflow preferred)
  Knowledge of CI/CD practices (GitHub Actions preferred), version control (Git), and infrastructure as code principles (Terraform preferred)
  Ability to implement engineering patterns and technical standards
 
 
  Soft Skills:
 
 
  Collaborative mindset with strong problem-solving abilities
  Self-motivated and able to take initiative in a fast-paced environment
  Effective communication skills to work with both technical and business stakeholders
 
 
  Education: 
 
 
  Bachelor's degree (Engineering or Master's preferred) in Computer Science or a related field
 
 
  Languages: 
 
 
  English is mandatory
 
 
  Why choose us?
 
 
  Contribute to a company that is not only a leader in healthcare but also a pioneer in digital transformation, shaping the future of global health
  Take good care of yourself and your family, with a wide range of health and wellbeing benefits including high-quality healthcare, prevention and wellness programs and at least 14 weeks' gender-neutral parental leave
  Join a workplace where diversity, equity, and inclusion are at the core, with Employee Resource Groups and leadership programs that celebrate every voice
  Drive meaningful change in a streamlined, AI-powered organization that values smart, modern ways of working
  Collaborate with curious minds across borders, functions, and cultures in a fast-paced, purpose-driven environment
  Stay at the forefront of tech, with access to training programs and industry certifications, as well as excellent opportunities for progression
  Work in a safe, responsible environment guided by RAISE — our strategy for balancing digital innovation with the right level of risk management for every AI system
 
 
  Pursue Progress. Discover Extraordinary.
 
 Join Sanofi and step into a new era of science - where your growth can be just as transformative as the work we do. We invest in you to reach further, think faster, and do what’s never-been-done-before. You’ll help push boundaries, challenge convention, and build smarter solutions that reach the communities we serve. Ready to chase the miracles of science and improve people’s lives? Let’s Pursue Progress and Discover Extraordinary – together.
 
  At Sanofi, we provide equal opportunities to all regardless of race, color, ancestry, religion, sex, national origin, sexual orientation, age, citizenship, marital status, disability, gender identity, protected veteran status or other characteristics protected by law.
  #LI-FRA #LI-Onsite #LI-EU #Accelerator null
",69253 Lyon,0,N/A,Indeed
Informaticien systèmes et réseaux - Bases de données DB2 (H/F) - job post,EURO-INFORMATION PRODUCTION,"
 Qui sommes nous
 
  Euro-Information, filiale technologique de Crédit Mutuel Alliance Fédérale, conçoit, réalise, maintient et exploite un système d’information commun utilisé par le Groupe.  Les activités de développement et de production informatique au niveau national et international sont assurées par environ 4000 salariés répartis sur plusieurs sites géographiques au niveau national : Strasbourg, Nancy, Dijon, Orléans, Lyon, Lille, Cergy, Val de Fontenay, Paris et Nantes.  Première Banque à adopter le statut d’entreprise à mission, le Crédit Mutuel Alliance Fédérale s’investit et s’engage dans différentes missions sociales et environnementales :
  
   L’accompagnement de tous par notre organisation coopérative et mutualiste reste au cœur de notre ADN.
   La technologie au service de l’humain est une référence dans notre monde connecté.
   La solidarité et l’éco-responsabilité deviennent des axes clés dans notre développement.
  
  Notre raison d’être : Ensemble, Ecouter et Agir.
 
 
  Vos missions
 
  Dans un environnement z/os, réparti sur plusieurs sites, vous intégrerez l'équipe « Bases de données » au sein du domaine « Mainframe » de Systèmes et Réseaux. Cette équipe, répartie sur les sites de Nantes et Strasbourg, a notamment en charge la mise en œuvre du logiciel de bases de données DB2.
  
   En tant qu’ingénieur système, vous assurerez les principales tâches suivantes (dans le respect des procédures d'exploitation) :
   
    Changements de version et montées de niveau de DB2
    Gestion et suivi du paramétrage de ces sous-systèmes
    Proposition d’évolution des architectures
    Gestion des incidents
    Gestion et suivi des performances
    Conseil et support de niveau 3 aux équipes de développement et de production
    Participation aux projets
    Veille technologique
   
  
 
  Ce que vous allez vivre chez nous
 
  Concrètement nos collaborateurs et nos collaboratrices bénéficient :
  
   D’une rémunération fixe versée sur 13 mois
   De 29 jours de congés payés et jusqu’à 23 jours de RTT par an
   D’une prime de participation et d’intéressement pouvant atteindre jusqu’à 2 mois de salaire en fonction des résultats du groupe
   D’un accord permettant jusqu’à 2 jours de télétravail/semaine
   D'un plan épargne entreprise (PEE), d’un plan épargne retraite collectif (PERECOL) et d’un compte épargne temps (CET)
   D’une participation aux frais de transports en commun jusqu’à 75 % ou d’une prime mobilité douce (cyclistes, covoiturage)
   D’un régime de retraite supplémentaire (PERO) prise en charge à 100 % par l’employeur après 12 mois d’ancienneté
   D’un plan de formation ambitieux et d’un accompagnement tout au long de la carrière
   D’une convention collective avantageuse et d’un ensemble de mesures complémentaires (parentalité, handicap et proches aidants, égalité professionnelle, …)
  
 
  Ce que nous allons aimer chez vous
 
  De formation supérieure en informatique, vous disposez d’une expérience réussie en tant qu'ingénieur système dans un environnement Mainframe.
  La maîtrise de l'environnement z/OS est donc requise. Des connaissances sur DB2 ou un logiciel de bases de données seraient un plus.
  Vous êtes rigoureux, passionné par la technique et le goût pour l'innovation.
 
  Autres informations
 
  Le poste basé à Strasbourg, Verlinghem, Tassin la Demi-Lune, Nantes ou Fontenay sous Bois est à pourvoir en CDI dès que possible.
 
",94120 Fontenay-sous-Bois,0,N/A,Indeed
Analyste développeur - Domaine data conception BI (H/F) - job post,EURO-INFORMATION DEVELOPPEMENTS,"
 Qui sommes nous
 
  Euro-Information, filiale technologique de Crédit Mutuel Alliance Fédérale, conçoit, réalise, maintient et exploite un système d’information commun utilisé par le Groupe.  Les activités de développement et de production informatique au niveau national et international sont assurées par environ 4000 salariés répartis sur plusieurs sites géographiques au niveau national : Strasbourg, Nancy, Dijon, Orléans, Lyon, Lille, Cergy, Val de Fontenay, Paris et Nantes.  Première Banque à adopter le statut d’entreprise à mission, le Crédit Mutuel Alliance Fédérale s’investit et s’engage dans différentes missions sociales et environnementales :
  
   L’accompagnement de tous par notre organisation coopérative et mutualiste reste au cœur de notre ADN.
   La technologie au service de l’humain est une référence dans notre monde connecté.
   La solidarité et l’éco-responsabilité deviennent des axes clés dans notre développement.
  
  Notre raison d’être : Ensemble, Ecouter et Agir.
 
 
  Vos missions
 
  Au sein de la Data Factory, le Concepteur BI assure la conception et la réalisation des reportings pour l’ensemble des utilisateurs : les conseillers, les managers, les spécialistes des fonctions supports…etc.
  Concrètement, qu’est-ce que cela veut dire ?
  Le Concepteur BI pilote son projet, allant de la production des reportings (80% des missions) jusqu’à l’accompagnement des utilisateurs.
  Dans ce cadre-là, vous aurez pour missions :
  
   L’appropriation des données
   Le cadrage des besoins avec les équipes MOA
   La proposition des solutions adaptées et orientées métier
   La conception et le développement des reportings (répondre aux demandes de prestations formulées par les métiers)
   Le traitement des incidents et des demandes d’évolutions
   Le suivi des projets
   La formation des utilisateurs
  
  Etre Concepteur Business Intelligence, c’est la possibilité de travailler sur des projets d’envergure dans des domaines variés : commercial, risque et conformité, ESG, téléphonie…
 
  Ce que vous allez vivre chez nous
 
  Concrètement nos collaborateurs et nos collaboratrices bénéficient :
  
   D’une rémunération fixe versée sur 13 mois
   De 29 jours de congés payés et jusqu’à 23 jours de RTT par an
   D’une prime de participation et d’intéressement pouvant atteindre jusqu’à 2 mois de salaire en fonction des résultats du groupe
   D’un accord permettant jusqu’à 2 jours de télétravail/semaine
   D'un plan épargne entreprise (PEE), d’un plan épargne retraite collectif (PERECOL) et d’un compte épargne temps (CET)
   D’une participation aux frais de transports en commun jusqu’à 75 % ou d’une prime mobilité douce (cyclistes, covoiturage)
   D’un régime de retraite supplémentaire (PERO) prise en charge à 100 % par l’employeur après 12 mois d’ancienneté
   D’un plan de formation ambitieux et d’un accompagnement tout au long de la carrière
   D’une convention collective avantageuse et d’un ensemble de mesures complémentaires (parentalité, handicap et proches aidants, égalité professionnelle, …)
  
 
  Ce que nous allons aimer chez vous
 
  De formation bac +4/5, vous disposez d’une expérience solide en programmation.
  Vous connaissez un ou plusieurs outils de restitution (dans l’idéal Webfocus) et vous maîtrisez le langage SQL.
  Vous savez mettre en valeur les indicateurs et travailler sur l’ergonomie des tableaux de bord.
  Vos connaissances de l’architecture des SI décisionnels vous permettront de travailler sur des projets complexes en collaboration avec les Data Officers et les Data Engineers.
  De nature organisé(e), vous avez une appétence pour la chefferie de projet. Dans ce cadre là, vous savez définir des priorités, planifier et coordonner des activités. Vous avez le sens de la communication, de l’écoute et du conseil. Vous avez une bonne capacité d’analyse et un esprit de synthèse.
  Vous appréciez le travail d’équipe.
 
  Autres informations
 
  Le poste, basé à Villeneuve d'Ascq, Nancy ou Nantes, est à pourvoir en CDI dès que possible.
 
",59650 Villeneuve-d'Ascq,0,N/A,Indeed
Informaticien systèmes et réseaux - Bases de données DB2 (H/F) - job post,EURO-INFORMATION PRODUCTION,"
 Qui sommes nous
 
  Euro-Information, filiale technologique de Crédit Mutuel Alliance Fédérale, conçoit, réalise, maintient et exploite un système d’information commun utilisé par le Groupe.  Les activités de développement et de production informatique au niveau national et international sont assurées par environ 4000 salariés répartis sur plusieurs sites géographiques au niveau national : Strasbourg, Nancy, Dijon, Orléans, Lyon, Lille, Cergy, Val de Fontenay, Paris et Nantes.  Première Banque à adopter le statut d’entreprise à mission, le Crédit Mutuel Alliance Fédérale s’investit et s’engage dans différentes missions sociales et environnementales :
  
   L’accompagnement de tous par notre organisation coopérative et mutualiste reste au cœur de notre ADN.
   La technologie au service de l’humain est une référence dans notre monde connecté.
   La solidarité et l’éco-responsabilité deviennent des axes clés dans notre développement.
  
  Notre raison d’être : Ensemble, Ecouter et Agir.
 
 
  Vos missions
 
  Dans un environnement z/os, réparti sur plusieurs sites, vous intégrerez l'équipe « Bases de données » au sein du domaine « Mainframe » de Systèmes et Réseaux. Cette équipe, répartie sur les sites de Nantes et Strasbourg, a notamment en charge la mise en œuvre du logiciel de bases de données DB2.
  
   En tant qu’ingénieur système, vous assurerez les principales tâches suivantes (dans le respect des procédures d'exploitation) :
   
    Changements de version et montées de niveau de DB2
    Gestion et suivi du paramétrage de ces sous-systèmes
    Proposition d’évolution des architectures
    Gestion des incidents
    Gestion et suivi des performances
    Conseil et support de niveau 3 aux équipes de développement et de production
    Participation aux projets
    Veille technologique
   
  
 
  Ce que vous allez vivre chez nous
 
  Concrètement nos collaborateurs et nos collaboratrices bénéficient :
  
   D’une rémunération fixe versée sur 13 mois
   De 29 jours de congés payés et jusqu’à 23 jours de RTT par an
   D’une prime de participation et d’intéressement pouvant atteindre jusqu’à 2 mois de salaire en fonction des résultats du groupe
   D’un accord permettant jusqu’à 2 jours de télétravail/semaine
   D'un plan épargne entreprise (PEE), d’un plan épargne retraite collectif (PERECOL) et d’un compte épargne temps (CET)
   D’une participation aux frais de transports en commun jusqu’à 75 % ou d’une prime mobilité douce (cyclistes, covoiturage)
   D’un régime de retraite supplémentaire (PERO) prise en charge à 100 % par l’employeur après 12 mois d’ancienneté
   D’un plan de formation ambitieux et d’un accompagnement tout au long de la carrière
   D’une convention collective avantageuse et d’un ensemble de mesures complémentaires (parentalité, handicap et proches aidants, égalité professionnelle, …)
  
 
  Ce que nous allons aimer chez vous
 
  De formation supérieure en informatique, vous disposez d’une expérience réussie en tant qu'ingénieur système dans un environnement Mainframe.
  La maîtrise de l'environnement z/OS est donc requise. Des connaissances sur DB2 ou un logiciel de bases de données seraient un plus.
  Vous êtes rigoureux, passionné par la technique et le goût pour l'innovation.
 
  Autres informations
 
  Le poste basé à Strasbourg, Verlinghem, Tassin la Demi-Lune, Nantes ou Fontenay sous Bois est à pourvoir en CDI dès que possible.
 
",69160 Tassin-la-Demi-Lune,0,N/A,Indeed
Accelerator Lead Data & AI Engineering (Paris) - job post,Sanofi EU,"
 Le contenu du poste est libellé en anglais car il nécessite de nombreuses interactions avec nos filiales à l’international, l'anglais étant la langue de travail.
 
  This job offer is accessible to all, regardless of gender.
 
  Job title: Lead Data & AI Engineering
 
   Location: Paris
   Hybrid: 2 days off site and 3 days on site
 
 
  About the job
 
  At Sanofi, we’re committed to providing the next-gen healthcare that patients and customers need. It’s about harnessing data insights and leveraging AI responsibly to search deeper and solve sooner than ever before. Join our digital accelerator commercial team as Lead Data Engineer and you can help make it happen. Your job?
 
  About Growing with us
 
 In this role you will:
 
  Work with business teams to understand requirements, and translate them into technical needs
  Support operations with the appropriate mindset-oriented Operation Excellence
  Enforce compliance requirements of the solution in regards of GxP regulation
  Work in transverse with Cloud & Data architects, Product Owners, Scrum Masters, Development teams and ExternalPartners
  Work with product owner to build the vision and challengesolutions
  Design & develop optimized modules meeting reliability, reusability, latency & performance & requirements
  Support the Data modules engineers for designing optimized data models
  Define support models and be responsible for build and run activities
  Build, lead, manage and articulate a team of data and AI enginners
  Continuous support to help team members throughout their personal and professional developments
  Adapt the modules to optimize the running costs
  Participate to the community of practice and act as a leader in the community
  Mentor the juniors and senior practitioners
 
 
  About you
 
 You are a dynamic experienced Data Engineer lead interested in challenging the status quo to ensure the seamless creation and operation of the data pipelines that are needed for the enterprise data and analytics initiatives following industry standard practices and tools for the betterment of our global patients and customers.
 
  You are a valued influencer and leader who has contributed to making key datasets available to data scientists, analysts, and consumers throughout the enterprise to meet vital business use needs. You have a keen eye for improvement opportunities while continuing to fully comply with all data quality, security, and governance standards.
 
  Experience:
 
  8 to 10 years experience
  Experience developing deployable code and deploying data pipelines and data models in product-focused development under an agile environment
  Strong experience in production-ready software development
  Excellent management and articulation of a team of Data and AI Engineers
  Continuous support to help team members throughout their personal and professional development
  Experience in a healthcare company is a strong plus
  Experience on working within compliance (e.g.: quality, regulatory - data privacy, GxP, SOX) and cybersecurity requirements is a plus
 
 
  Soft skills:
 
  Excellent written and verbal communication skills
  Experience working with multiple teams to drive alignment and results
  Service-oriented, flexible, positive team player
  Self-motivated, takes initiative
  Problem solving & critical thinking
 
 
  Technical skills:
 
  Experience with AWS cloud services (Azure is a plus)
  Strong knowledge of SQL and relational databases technologies/concepts
  Experience working with data models and query tuning
  Experience in Data warehousing solutions (Snowflake)
  Experience in Integration Services (IICS, Tibco a plus)
  Working knowledge of scripting languages (Python, R a plus)
  Experience with Source Code Management Tools (GitHub a plus)
  Experience with vector database and LLM (e,g: Pinecone, AWS bedrock, Snowflake cortex )
  Experience with timeseries database and Graph database (e,g: TigerDB, Neo4J)
  Experience using orchestration to create pipelines (e.g. Apache Airflow)
  Experience with Product Management Tools (JIRA, Confluence a plus)
  Familiarity with Service Management Tools (Service Now a plus)
  Strong experience in automation tools and methodologies specifically using Github action, Terraform, Ansible
  Experience with programming languages such as JSON, YAML, ShellScripting
  Experience with backup system like Netbackup & CommVault
  Good knowledge of ServiceNow, monitoring tool such as Splunk, Datadog, BPPM and experience in finops pratice
  Experience with a wide variety of data sources, such as structured and unstructured data, IoT data
  Good knowledge of cybersecurity best practices
  Relevant cloud certifications (AWS, Azure, Snowflake, IICS) are a plus
  Familiarity with Visualization Tools (PowerBI, Tableau a plus)
 
 
  Education:
 
  Bachelor’s Degree or equivalent in Computer Science, Engineering, or relevant field
 
 
  Languages:
 
  English, French
 
 
  Why choose us?
 
  We provide a highly open and collaborative environment, with an opportunity to work with a world class team. You will be able to :
 
  Learn what it takes to make a service with a truly global reach
  Be part of an organization that values diversity, inclusion, and the richness of different backgrounds and experiences
  Engage in meaningful work that combines the challenges of pharma, manufacturing, environmental matters and technical fields, offering abundant opportunities for professional growth and impact
  Contribute to a company that is not only a leader in healthcare but also a pioneer in digital transformation, shaping the future of global health
 
 
  Pursue Progress. Discover Extraordinary.
 
 Progress doesn’t happen without people – people from different backgrounds, in different locations, doing different roles, all united by one thing: a desire to make miracles happen. You can be one of those people. Chasing change, embracing new ideas and exploring all the opportunities we have to offer. Let’s pursue progress. And let’s discover extraordinary together.
 
  At Sanofi, we provide equal opportunities to all regardless of race, color, ancestry, religion, sex, national origin, sexual orientation, age, citizenship, marital status, disability, or gender identity.
  Watch our ALL IN video and check out our Diversity Equity and Inclusion actions at sanofi.com!
 
 #Accelerator #Paris #Sanofi #Hybrid #Digital #AI null
",Paris (75),0,N/A,Indeed
Informaticien systèmes et réseaux - Bases de données DB2 (H/F) - job post,EURO-INFORMATION PRODUCTION,"
 Qui sommes nous
 
  Euro-Information, filiale technologique de Crédit Mutuel Alliance Fédérale, conçoit, réalise, maintient et exploite un système d’information commun utilisé par le Groupe.  Les activités de développement et de production informatique au niveau national et international sont assurées par environ 4000 salariés répartis sur plusieurs sites géographiques au niveau national : Strasbourg, Nancy, Dijon, Orléans, Lyon, Lille, Cergy, Val de Fontenay, Paris et Nantes.  Première Banque à adopter le statut d’entreprise à mission, le Crédit Mutuel Alliance Fédérale s’investit et s’engage dans différentes missions sociales et environnementales :
  
   L’accompagnement de tous par notre organisation coopérative et mutualiste reste au cœur de notre ADN.
   La technologie au service de l’humain est une référence dans notre monde connecté.
   La solidarité et l’éco-responsabilité deviennent des axes clés dans notre développement.
  
  Notre raison d’être : Ensemble, Ecouter et Agir.
 
 
  Vos missions
 
  Dans un environnement z/os, réparti sur plusieurs sites, vous intégrerez l'équipe « Bases de données » au sein du domaine « Mainframe » de Systèmes et Réseaux. Cette équipe, répartie sur les sites de Nantes et Strasbourg, a notamment en charge la mise en œuvre du logiciel de bases de données DB2.
  
   En tant qu’ingénieur système, vous assurerez les principales tâches suivantes (dans le respect des procédures d'exploitation) :
   
    Changements de version et montées de niveau de DB2
    Gestion et suivi du paramétrage de ces sous-systèmes
    Proposition d’évolution des architectures
    Gestion des incidents
    Gestion et suivi des performances
    Conseil et support de niveau 3 aux équipes de développement et de production
    Participation aux projets
    Veille technologique
   
  
 
  Ce que vous allez vivre chez nous
 
  Concrètement nos collaborateurs et nos collaboratrices bénéficient :
  
   D’une rémunération fixe versée sur 13 mois
   De 29 jours de congés payés et jusqu’à 23 jours de RTT par an
   D’une prime de participation et d’intéressement pouvant atteindre jusqu’à 2 mois de salaire en fonction des résultats du groupe
   D’un accord permettant jusqu’à 2 jours de télétravail/semaine
   D'un plan épargne entreprise (PEE), d’un plan épargne retraite collectif (PERECOL) et d’un compte épargne temps (CET)
   D’une participation aux frais de transports en commun jusqu’à 75 % ou d’une prime mobilité douce (cyclistes, covoiturage)
   D’un régime de retraite supplémentaire (PERO) prise en charge à 100 % par l’employeur après 12 mois d’ancienneté
   D’un plan de formation ambitieux et d’un accompagnement tout au long de la carrière
   D’une convention collective avantageuse et d’un ensemble de mesures complémentaires (parentalité, handicap et proches aidants, égalité professionnelle, …)
  
 
  Ce que nous allons aimer chez vous
 
  De formation supérieure en informatique, vous disposez d’une expérience réussie en tant qu'ingénieur système dans un environnement Mainframe.
  La maîtrise de l'environnement z/OS est donc requise. Des connaissances sur DB2 ou un logiciel de bases de données seraient un plus.
  Vous êtes rigoureux, passionné par la technique et le goût pour l'innovation.
 
  Autres informations
 
  Le poste basé à Strasbourg, Verlinghem, Tassin la Demi-Lune, Nantes ou Fontenay sous Bois est à pourvoir en CDI dès que possible.
 
",59237 Verlinghem,0,N/A,Indeed
Analyste développeur - Domaine data conception BI (H/F) - job post,EURO-INFORMATION DEVELOPPEMENTS,"
 Qui sommes nous
 
  Euro-Information, filiale technologique de Crédit Mutuel Alliance Fédérale, conçoit, réalise, maintient et exploite un système d’information commun utilisé par le Groupe.  Les activités de développement et de production informatique au niveau national et international sont assurées par environ 4000 salariés répartis sur plusieurs sites géographiques au niveau national : Strasbourg, Nancy, Dijon, Orléans, Lyon, Lille, Cergy, Val de Fontenay, Paris et Nantes.  Première Banque à adopter le statut d’entreprise à mission, le Crédit Mutuel Alliance Fédérale s’investit et s’engage dans différentes missions sociales et environnementales :
  
   L’accompagnement de tous par notre organisation coopérative et mutualiste reste au cœur de notre ADN.
   La technologie au service de l’humain est une référence dans notre monde connecté.
   La solidarité et l’éco-responsabilité deviennent des axes clés dans notre développement.
  
  Notre raison d’être : Ensemble, Ecouter et Agir.
 
 
  Vos missions
 
  Au sein de la Data Factory, le Concepteur BI assure la conception et la réalisation des reportings pour l’ensemble des utilisateurs : les conseillers, les managers, les spécialistes des fonctions supports…etc.
  Concrètement, qu’est-ce que cela veut dire ?
  Le Concepteur BI pilote son projet, allant de la production des reportings (80% des missions) jusqu’à l’accompagnement des utilisateurs.
  Dans ce cadre-là, vous aurez pour missions :
  
   L’appropriation des données
   Le cadrage des besoins avec les équipes MOA
   La proposition des solutions adaptées et orientées métier
   La conception et le développement des reportings (répondre aux demandes de prestations formulées par les métiers)
   Le traitement des incidents et des demandes d’évolutions
   Le suivi des projets
   La formation des utilisateurs
  
  Etre Concepteur Business Intelligence, c’est la possibilité de travailler sur des projets d’envergure dans des domaines variés : commercial, risque et conformité, ESG, téléphonie…
 
  Ce que vous allez vivre chez nous
 
  Concrètement nos collaborateurs et nos collaboratrices bénéficient :
  
   D’une rémunération fixe versée sur 13 mois
   De 29 jours de congés payés et jusqu’à 23 jours de RTT par an
   D’une prime de participation et d’intéressement pouvant atteindre jusqu’à 2 mois de salaire en fonction des résultats du groupe
   D’un accord permettant jusqu’à 2 jours de télétravail/semaine
   D'un plan épargne entreprise (PEE), d’un plan épargne retraite collectif (PERECOL) et d’un compte épargne temps (CET)
   D’une participation aux frais de transports en commun jusqu’à 75 % ou d’une prime mobilité douce (cyclistes, covoiturage)
   D’un régime de retraite supplémentaire (PERO) prise en charge à 100 % par l’employeur après 12 mois d’ancienneté
   D’un plan de formation ambitieux et d’un accompagnement tout au long de la carrière
   D’une convention collective avantageuse et d’un ensemble de mesures complémentaires (parentalité, handicap et proches aidants, égalité professionnelle, …)
  
 
  Ce que nous allons aimer chez vous
 
  De formation bac +4/5, vous disposez d’une expérience solide en programmation.
  Vous connaissez un ou plusieurs outils de restitution (dans l’idéal Webfocus) et vous maîtrisez le langage SQL.
  Vous savez mettre en valeur les indicateurs et travailler sur l’ergonomie des tableaux de bord.
  Vos connaissances de l’architecture des SI décisionnels vous permettront de travailler sur des projets complexes en collaboration avec les Data Officers et les Data Engineers.
  De nature organisé(e), vous avez une appétence pour la chefferie de projet. Dans ce cadre là, vous savez définir des priorités, planifier et coordonner des activités. Vous avez le sens de la communication, de l’écoute et du conseil. Vous avez une bonne capacité d’analyse et un esprit de synthèse.
  Vous appréciez le travail d’équipe.
 
  Autres informations
 
  Le poste, basé à Villeneuve d'Ascq, Nancy ou Nantes, est à pourvoir en CDI dès que possible.
 
",54000 Nancy,0,N/A,Indeed
Informaticien systèmes et réseaux - Bases de données DB2 (H/F) - job post,EURO-INFORMATION PRODUCTION,"
 Qui sommes nous
 
  Euro-Information, filiale technologique de Crédit Mutuel Alliance Fédérale, conçoit, réalise, maintient et exploite un système d’information commun utilisé par le Groupe.  Les activités de développement et de production informatique au niveau national et international sont assurées par environ 4000 salariés répartis sur plusieurs sites géographiques au niveau national : Strasbourg, Nancy, Dijon, Orléans, Lyon, Lille, Cergy, Val de Fontenay, Paris et Nantes.  Première Banque à adopter le statut d’entreprise à mission, le Crédit Mutuel Alliance Fédérale s’investit et s’engage dans différentes missions sociales et environnementales :
  
   L’accompagnement de tous par notre organisation coopérative et mutualiste reste au cœur de notre ADN.
   La technologie au service de l’humain est une référence dans notre monde connecté.
   La solidarité et l’éco-responsabilité deviennent des axes clés dans notre développement.
  
  Notre raison d’être : Ensemble, Ecouter et Agir.
 
 
  Vos missions
 
  Dans un environnement z/os, réparti sur plusieurs sites, vous intégrerez l'équipe « Bases de données » au sein du domaine « Mainframe » de Systèmes et Réseaux. Cette équipe, répartie sur les sites de Nantes et Strasbourg, a notamment en charge la mise en œuvre du logiciel de bases de données DB2.
  
   En tant qu’ingénieur système, vous assurerez les principales tâches suivantes (dans le respect des procédures d'exploitation) :
   
    Changements de version et montées de niveau de DB2
    Gestion et suivi du paramétrage de ces sous-systèmes
    Proposition d’évolution des architectures
    Gestion des incidents
    Gestion et suivi des performances
    Conseil et support de niveau 3 aux équipes de développement et de production
    Participation aux projets
    Veille technologique
   
  
 
  Ce que vous allez vivre chez nous
 
  Concrètement nos collaborateurs et nos collaboratrices bénéficient :
  
   D’une rémunération fixe versée sur 13 mois
   De 29 jours de congés payés et jusqu’à 23 jours de RTT par an
   D’une prime de participation et d’intéressement pouvant atteindre jusqu’à 2 mois de salaire en fonction des résultats du groupe
   D’un accord permettant jusqu’à 2 jours de télétravail/semaine
   D'un plan épargne entreprise (PEE), d’un plan épargne retraite collectif (PERECOL) et d’un compte épargne temps (CET)
   D’une participation aux frais de transports en commun jusqu’à 75 % ou d’une prime mobilité douce (cyclistes, covoiturage)
   D’un régime de retraite supplémentaire (PERO) prise en charge à 100 % par l’employeur après 12 mois d’ancienneté
   D’un plan de formation ambitieux et d’un accompagnement tout au long de la carrière
   D’une convention collective avantageuse et d’un ensemble de mesures complémentaires (parentalité, handicap et proches aidants, égalité professionnelle, …)
  
 
  Ce que nous allons aimer chez vous
 
  De formation supérieure en informatique, vous disposez d’une expérience réussie en tant qu'ingénieur système dans un environnement Mainframe.
  La maîtrise de l'environnement z/OS est donc requise. Des connaissances sur DB2 ou un logiciel de bases de données seraient un plus.
  Vous êtes rigoureux, passionné par la technique et le goût pour l'innovation.
 
  Autres informations
 
  Le poste basé à Strasbourg, Verlinghem, Tassin la Demi-Lune, Nantes ou Fontenay sous Bois est à pourvoir en CDI dès que possible.
 
",67000 Strasbourg,0,N/A,Indeed
Data Privacy and Protection Expert f/h GDO - job post,BNP Paribas,"
 Votre mission  Vous contribuerez au développement, à l’adaptation et à l'adoption des directives, politiques, méthodologies et outils au niveau du Groupe en matière de protection et d’éthique des données. Votre travail quotidien implique une coordination permanente avec des partenaires majeurs tels que LEGAL, RISK ou IT Group.  
 
  Vous faciliterez l'opérationnalisation des politiques et méthodologies en coopérant étroitement avec les Data Offices et d'autres experts des entités (Délégués à la protection des données - DPO, juristes, Responsables de la sécurité des systèmes d'information - RSSI, etc.).
 
 
  En tant qu'expert de la protection des données, vous fournirez du support pour les activités de projet et de ""Business as Usual"" et contribuerez à la promotion de ""GDO as a service"".
 
 
  En tant qu’acteur majeur Data du Groupe, vous coordonnez les programmes et initiatives transverses de conformité réglementaire ou de gestion interne des risques et favoriserez l'acculturation à l'échelle du Groupe en matière de protection et d'éthique des données.
  L'équipe  Vous rejoindrez l'équipe Data Privacy, Protection & Ethics , au sein de la nouvelle fonction Group Data Office (GDO). Nous sommes une équipe multiculturelle, aux compétences et expertises diversifiées. La mission principale de GDO est de définir la Stratégie Data du Groupe et de faciliter sa mise en uvre dans l'ensemble des métiers et territoires. Nous évoluons dans un environnement international très interactif. Nous travaillons en partenariat avec les entités du Groupe pour de multiples initiatives, en favorisant l'innovation business et digitale.  Et aprés ?  Vous développerez une vision transversale de BNP Paribas sur vos domaines d'expertise, avec un accès privilégié à la stratégie Data du Groupe. Le poste permet d'acquérir une très bonne connaissance de l'organisation de la Banque, à travers de multiples interactions avec l'ensemble des Métiers et Fonctions du Groupe, et de se constituer un important réseau interne et externe. L'environnement de travail dans lequel vous évoluerez vous donnera accès à de nouvelles pratiques et à l'innovation en matière de traitement et évaluation des données, pour faciliter la création de valeur à travers l’usage des données. Cela vous ouvrira une multitude de perspectives dans le développement de votre carrière.  Etes vous notre prochain Dat Privacy and Protection Expert ?  Vous parlez couramment anglais et français et disposez maintenant d'au moins 7 ans d'expérience professionnelle idéalement dans la Data, ou dans l'environnement compliance, ou Risk. Vous êtes diplomé(e) d'un Bac+5.  Les étapes du recrutement  Si votre CV est retenu par notre équipe de recrutement, vous serez amené à passer un à trois entretiens au maximum avec des RH (Staffing Business Partner) et/ou manager opérationnel.  La diversité, l’équité et l’inclusion sont des valeurs clés pour le bien-être et la performance des équipes : tous les postes au sein du Groupe sont ouverts à tous !  Your mission  You will contribute to the development, adaptation, and adoption of guidelines, policies, methodologies, and tools at the Group level regarding data protection and ethics. Your daily work involves ongoing coordination with major partners such as LEGAL, RISK, or IT Group.
 
  You will facilitate the operationalization of policies and methodologies by working closely with Data Offices and other experts from entities (Data Protection Officers - DPO, lawyers, Chief Information Security Officers - CISO, etc.).
  As a data protection expert, you will provide support for project and ""Business as Usual"" activities and contribute to promoting ""GDO as a service"".
  As a major Data player of the Group, you will coordinate cross-functional regulatory compliance or internal risk management programs and initiatives and foster Group-wide awareness on data protection and ethics.
  The team  You will join the Data Privacy, Protection & Ethics team, within the new Group Data Office (GDO) function. We are a multicultural team with diverse skills and expertise. The main mission of GDO is to define the Group Data Strategy and facilitate its implementation across all businesses and territories. We operate in a highly interactive international environment. We partner with the Group's entities for multiple initiatives, promoting business and digital innovation.  And after?  You will develop a transversal vision of BNP Paribas in your areas of expertise, with privileged access to the Group's Data strategy. The position allows for a thorough understanding of the Bank's organization, through multiple interactions with all Group Businesses and Functions, and helps build an extensive internal and external network. The working environment will expose you to new practices and innovations in data processing and evaluation, facilitating value creation through data usage. This will open up numerous career development opportunities.  Are you our next Data Privacy and Protection Expert?  You are fluent in English and French and have at least 7 years of professional experience ideally in Data, or in the compliance or Risk environment.  The recruitment steps  If your CV is shortlisted by our recruitment team, you will undergo up to three interviews with HR (Staffing Business Partner) and/or an operational manager.  Diversity, equity, and inclusion are key values for team well-being and performance: all positions within the Group are open to all! References

",Montreuil (93),0,N/A,Indeed
Stage Data Science F/H - job post,iQera,"
 Stage Data Science F/H
 Spécialiste du recouvrement de créances en France, Iqera accompagne les plus grandes entreprises et institution financières dans la gestion du risque client, de la prévention des impayés jusqu’à la récupération des créances, tout en plaçant la relation client et le respect des personnes au cœur de ses priorités.  iQera est aujourd'hui engagée dans un vaste processus de transformation au côté d’un nouvel actionnaire de référence, Arrow Global, visant à accroître sa compétitivité sur le marché et à assurer un avenir rentable et durable.  Nous ne recrutons pas seulement des CVs , nous bâtissons chaque jour une communauté de collabor’acteurs engagés, curieux et animés par l’envie d’apprendre et de repousser les limites au sein d’une entreprise en pleine évolution.  Notre Tribu de plus de 2 300 talents, répartis sur 10 sites dans 4 pays, avance ensemble avec une même conviction : l’excellence se construit dans la diversité. Nous offrons à chacun la possibilité de développer ses compétences, de faire évoluer sa carrière et de contribuer à une performance responsable au sein d’un environnement de travail stimulant et respectueux.  Fiers de nos valeurs d’ouverture, de respect et d’engagement, nous menons une politique active d’inclusion et de maintien dans l’emploi des personnes en situation de handicap.  Vos missions au sein de notre Tribu
 
  Au sein de l’équipe Portfolio Management, nous travaillons sur des sujets à fort impact business comme :
 
  La valorisation d’opportunités d’investissement
  Le pilotage de la performance
  L’optimisation opérationnelle
  Le développement de modèles prédictifs appliquée au recouvrement
 
 Nous travaillons sur un environnement cloud Azure Databricks (Spark, SQL, Python) sur une grande variété de problématiques :
 
  Statistiques et segmentation (clustering, définition de segmentation business)
  Machine-learning et deep learning (sklearn, keras, OCR)
  Des projets autour de l’IA (RAG, Agentic AI)
 
 Nous sommes à l’origine d’innovations qui servent à prendre des décisions impactantes et à améliorer nos process.
 L’équipe (5 personnes) est dynamique et contient des profils variés de data scientists qui permettent de couvrir les sujets business, les problématiques opérationnels et les besoins plus techniques de mise en production en d’industrialisation.
 
  Intégrer l’équipe Portfolio Management, c’est travailler sur de vrais sujets industriels avec un objectif clair : passer d’une analyse à une solution ayant un impact pour l’entreprise.  Selon son profil, le/la stagiaire pourra intervenir sur un ou plusieurs axes :
  Segmentation de portefeuilles : Création de segmentations statistiques (clustering, scoring) pour mieux estimer notre performance par typologie de dossiers.
 POC et veille sur IA : Développement de POC et prototypage de solution utilisant les dernières avancées de IA (RAG, LLM, agentic AI).
  Autres projets selon profil : Participation à la mise en production Travail sur des données réelles à forte volumétrie
 
  Votre profil différenciant
 
 
  Etudiant(e) en école d’ingénieur, master en data, statistiques ou IA
  Connaissance de langages de programmation (principalement Python ou Pyspark).
  Aptitude à travailler avec des données non structurées et à les transformer en informations exploitables
  Forte appétence pour l’innovation
  Compétences relationnelles et rédactionnelles en français
 
 Ce stage de 6 mois est une véritable opportunité de produire des solutions de qualités, sous l’encadrement de data scientists expérimentés et dans une équipe à taille humaine.
 
  Poste situé sur notre site de PARIS 20 en Stage.
 Salaire mensuel 680,00 - 685,00 EUR  Commencez une nouvelle histoire…
",Paris (75),0,N/A,Indeed
Gestionnaire de données techniques industrielles F/H/X - job post,Socomec Group,"
 Au sein du service CUSEN (Custom Engineering) de l’activité Power Conversion, vous participez à la définition et à la gestion des données techniques industrielles nécessaires au développement de nos solutions sur mesure en conversion d’énergie (convertisseurs, UPS…). Vous intervenez en support aux équipes projet dans le cadre des projets d’ingénierie.
 
 Responsabilités : 
 
  Analyser les cahiers des charges techniques et en extraire les données nécessaires.
  Créer et gérer la documentation technique : nomenclatures, plans, schémas électriques (unifilaires / multifilaires), gammes de fabrication, spécifications.
  Exploiter les outils internes (ERP, CAO…) en conformité avec les standards internes et clients.Mettre à disposition les données nécessaires à la production et suivre l’évolution des dossiers techniques.
 
 
 Qualifications : 
 
  Diplôme de niveau Bac+2 en électrotechnique, électricité ou électromécanique.
  Première expérience sur un poste similaire appréciée.
  Maitrise de l’anglais (niveau B2 minimum) au regard de la dimension internationale du poste.
 
 Les plus qui pourraient vous rendre encore plus unique : 
 
  Maîtrise des outils CAO électrique et ERP.
 
 Parce que votre profil ne se résume pas qu’à des compétences métier : 
 
  Capacité à collaborer efficacement avec les différents acteurs métier du projet, en favorisant une communication fluide et constructive.Aptitude à structurer son travail de manière rigoureuse, en tenant compte des délais, des exigences techniques et des imprévus.
 
 
 #LI-EGI

 

 
  Groupe industriel familial, Socomec conçoit, fabrique et vend des équipements électriques : onduleurs, stations de mesure, stockage d’énergie, interrupteurs, commutateurs de sources… depuis plus d’un siècle.
 
 
  Doté d’une forte expertise dans les applications critiques (industrie, infrastructure, santé, data center, énergie et bâtiment) Socomec est un acteur innovant de la transition énergétique et des énergies renouvelables.
 
 
  Avec des produits et services distribués dans 80 pays par plus de 100 distributeurs, Socomec accompagne les entreprises pour une énergie encore plus sûre, plus flexible et plus performante.
 
 
  Chiffres clés: 12 sites de production /30 Filiales / 924M€ / 4400 Collaborateurs
 
 

 
  La zone Europe–Afrique du Nord est notre ancrage historique depuis plus de 100 ans.
 
 
  Depuis sa création en 1922, le siège de Socomec est situé à Benfeld, en Alsace (France).
 
 
  Avec des sites de production en France, en Italie et en Tunisie, nous disposons de 12 agences commerciales en France et de 21 filiales en Europe.
 
 
  En 2022, la région Europe–Afrique–Moyen-Orient représentait 61 % de notre chiffre d’affaires, dont 25 % pour la France seule.
 
 
  Tout en poursuivant notre développement à l’international, nous restons attachés à une production française compétitive.
 
 
  Socomec est aujourd’hui l’un des derniers fabricants français à produire des onduleurs (UPS) en France.
 
 
  Rejoindre nos équipes en Europe, c’est participer à une aventure industrielle solide, innovante et profondément humaine.
 
",Huttenheim (67),0,N/A,Indeed
DATA ENGINEER H/F - job post,Consort Group,"
 Chaque moment compte. Surtout ceux que vous vivez à fond. Bienvenue chez Consort Group.
 Consort Group, accompagne depuis plus de 30 ans les entreprises dans la valorisation de leurs données et infrastructures. Elle s'appuie sur deux leaders, Consortis et Consortia, et place l’humain et la responsabilité sociétale au cœur de ses valeurs.
  C’est votre future équipe
 
  Les équipes de ConsortIA, sont des acteurs de référence de la Data, du Développement Digital et de l'Ingénierie Média. En combinant ces expertises, nous concevons des systèmes d’information augmentés, intégrés, agiles et sécurisés, au service de la performance et de la transformation numérique de nos clients.
 
  DATA ENGINEER H/F
  C’est votre mission
 Vous êtes passionné(e) par la Data ? Ce poste est fait pour vous.
 En tant que DATA Engineer, vous êtes responsable du conception et de développement des pipelines de données, développer sur des chatbots AI dans un environnement cloud tout en contribuant activement à la fiabilité, l’automatisation et la scalabilité de notre plateforme data....)
 
  VOS MISSIONS :
 
  Faire des développements avancés en Python
  Mettre en place des systèmes basés sur la GenAI
  Concevoir, développer, maintenir et déployer des pipelines de données scalables et performants.
  Mettre en place des architectures Big Data sur AWS (S3, EMR, Lambda, Snowflake...).
  Développer en Scala et exploiter Apache Spark pour le traitement massif des données.
  Automatiser les workflows avec Apache Airflow et DBT pour orchestrer les pipelines.
  Concevoir et exposer des APIs performantes (ecommandations en temps réel, etc.)
  Optimiser les performances et garantir la scalabilité du système pour gérer un grand volume d’utilisateurs.
  Travailler en collaboration avec les équipes Data Science, Produit et DevOps pour assurer une intégration fluide.
 
 
  C’est votre parcours :
 Vous avez au moins 5 ans d’expérience dans des environnements exigeants. Vous aimez les données sans jamais cesser d’innover. Vous cherchez un cadre où vos idées comptent et où la technique va de pair avec la collaboration.
  C’est votre expertise :
 
  Vous maîtrisez : Python, Data, GenAI, AWS (Kinesis, S3, EMR, etc.), Airflow, Terraform, GitLab CI/CD, Python ainsi qu’une solide maîtrise de SQL, Snowflake et les architectures Data Streaming.
  Vous êtes experts dans le développement de solution d'intégration de données.
  Une expertise en Scala et Spark serait fortement appréciée.
  Vous parlez Anglais couramment
 
  C’est votre manière de faire équipe :
 
  Autonome
  Ouvert d’esprit et bon communiquant
  Vous disposez d’une grande curiosité scientifique
 
  C’est notre engagement
 Chez Consort Group, vous êtes un(e) expert(e)qu’on accompagne pour que chaque mission devienne une étape qui compte.
 
  Un onboarding attentif et humain
  Une vraie proximité managériale
  Des formations accessibles en continu
  Des engagements concrets : inclusion, égalité, solidarité
  Le programme Move Up x United Heroes pour bouger et respirer
  Un package RH complet : mutuelle, carte TR, CSE, prévoyance
  Une culture du feedback et des projets qui font sens
 
  C’est clair
 Le process de recrutement :
 
  
   Un premier échange téléphonique avec notre team recrutement
  
  
   Un entretien RH ainsi qu’un échange métier avec un.e ingénieur.e d’affaires
  
  
   Un test ou un échange technique avec un.e de nos expert.es
  
  
   Un dernier point avec votre futur.e manager ou responsable de mission
  
  
   Et si on se reconnaît : on démarre ensemble
  
 
 
 C’est bon à savoir
 Lieu : Paris Contrat : CDI Télétravail : Hybride Salaire : De 55 000 K€ à 60 000 K€ (selon expérience) brut annuel Famille métier : DATA et Analyse de donnée
  Ce que vous ferez ici, vous ne le ferez nulle part ailleurs. Ce moment, c’est le vôtre.
",75017 Paris•Télétravail partiel,0,N/A,Indeed
Ingénieur Data H/F - job post,Consort Group,"
 Chaque moment compte. Surtout ceux que vous vivez à fond. Bienvenue chez Consort Group.
 Consort Group, accompagne depuis plus de 30 ans les entreprises dans la valorisation de leurs données et infrastructures. Elle s'appuie sur deux leaders, Consortis et Consortia, et place l’humain et la responsabilité sociétale au cœur de ses valeurs.
  C’est votre future équipe
  Les équipes de ConsortIA, sont des acteurs de référence de la Data, du Développement Digital et de l'Ingénierie Média. En combinant ces expertises, nous concevons des systèmes d’information augmentés, intégrés, agiles et sécurisés, au service de la performance et de la transformation numérique de nos clients.
 
  Ingénieur Data H/F
  C’est votre mission
 Votre rôle sera de :
 
  Concevoir, développer, maintenir et déployer des pipelines de données scalables et performants.
  Mettre en place des architectures Big Data sur AWS (S3, EMR, Lambda, Snowflake...).
  Développer en Scala et exploiter Apache Spark pour le traitement massif des données.
  Automatiser les workflows avec Apache Airflow et DBT pour orchestrer les pipelines.
  Concevoir et exposer des APIs performantes pour servir les recommandations en temps réel (Scala, Saprk, Terraform, Gitlab CI CD, ECS Fargate, Kinesis, DynamoDB, S3, etc.).
  Optimiser les performances et garantir la scalabilité du système pour gérer un grand volume d’utilisateurs.
  Travailler en collaboration avec les équipes Data Science, Produit et DevOps pour assurer une intégration fluide.
 
  C’est votre parcours
 
  Vous justifiez d’une expérience de 5 ans minimum dans un environnement similaire
  Vous maîtrisez AWS, Gitlab CI/CD, Terraform, vous êtes fluent en Scala et Spark avancé et aimez les challenges
  Vous êtes experts dans le développement de solution d’intégration de données.
  Vous parlez couramment Anglais
  Vous connaissez et maîtrisez les outils JIRA et les méthodes « agiles » n’ont pas de secret pour vous !
  Autonome, ouvert d’esprit et bon communiquant, vous disposez d’une grande curiosité scientifique.
 
  C’est notre engagement
 Chez Consort Group, vous êtes un·e expert·e qu’on accompagne pour que chaque mission devienne une étape qui compte.
 
  Un onboarding attentif et humain
  Une vraie proximité managériale
  Des formations accessibles en continu
  Des engagements concrets : inclusion, égalité, solidarité
  Le programme Move Up x United Heroes pour bouger et respirer
  Un package RH complet : mutuelle, carte TR, CSE, prévoyance
  Une culture du feedback et des projets qui font sens
 
  C’est clair
 Le process de recrutement :
 
  
   Un premier échange téléphonique avec notre team recrutement
  
  
   Un entretien RH ainsi qu’un échange métier avec un.e ingénieur.e d’affaires
  
  
   Un test ou un échange technique avec un.e de nos expert.es
  
  
   Un dernier point avec votre futur.e manager ou responsable de mission
  
  
   Et si on se reconnaît : on démarre ensemble
  
 
 
 C’est bon à savoir
 Lieu : Paris, Ile de france. Contrat : CDI Télétravail : Hybride selon mission Salaire : De 50K€ à 58 K€ (selon expérience) brut annuel Famille métier : Data engineer Cloud
  Ce que vous ferez ici, vous ne le ferez nulle part ailleurs. Ce moment, c’est le vôtre.
",75017 Paris•Télétravail partiel,0,N/A,Indeed
Analyste développeur - Domaine data engineering (H/F) - job post,EURO-INFORMATION DEVELOPPEMENTS,"
 Qui sommes nous
 
  Euro-Information, filiale technologique de Crédit Mutuel Alliance Fédérale, conçoit, réalise, maintient et exploite un système d’information commun utilisé par le Groupe.  Les activités de développement et de production informatique au niveau national et international sont assurées par environ 4000 salariés répartis sur plusieurs sites géographiques au niveau national : Strasbourg, Nancy, Dijon, Orléans, Lyon, Lille, Cergy, Val de Fontenay, Paris, Nantes et Montpellier.  Première Banque à adopter le statut d’entreprise à mission, le Crédit Mutuel Alliance Fédérale s’investit et s’engage dans différentes missions sociales et environnementales :
  
   L’accompagnement de tous par notre organisation coopérative et mutualiste reste au cœur de notre ADN.
   La technologie au service de l’humain est une référence dans notre monde connecté.
   La solidarité et l’éco-responsabilité deviennent des axes clés dans notre développement.
  
  Notre raison d’être : Ensemble, Ecouter et Agir.
 
  Vos missions
 
  Vous souhaitez intégrer une équipe dynamique et à taille humaine au sein d’une entreprise solide et d’un grand groupe en développement constant ? Vous souhaitez travailler sur un enjeu d’aujourd’hui et plus encore de demain : la donnée ?
  
    Euro-Information, la Fintech de Crédit Mutuel Alliance Fédérale structure une Data Factory pour :
   
    Accélérer la valorisation des données au travers d’analyse de masse et de modèles allant jusqu’au prédictif.
    Répondre à la confiance de nos clients en garantissant la sécurité de leurs données et une utilisation responsable et encadrée,
    respectueuse de leur vie privée.  La Data Factory EI se positionne comme un fournisseur de solutions pour les équipes informatiques et pour l’ensemble des entités du groupe et comme un facilitateur d’échanges et de mutualisation. Pour mener à bien ces missions, la relation métier s’avère essentielle. Elle réunit :
   
    Des Data Architects. Ils fournissent l’environnement et les outils et s’assurent de leur performance et de leur constante évolution.
    Des Data Engineers. Ils ont la maitrise des données, de leur récolte à leur mise à disposition adaptée aux besoins des métiers.
    Ils conçoivent les modèles d’enregistrement des données.
   
    Des Concepteurs Business Intelligence. Ils simplifient, mutualisent et industrialisent les reportings.
    Des Data Scientists. Ils accompagnent les métiers et les entités sur la Data Science, ils réalisent à façon sur les sujets à fort enjeu.
   
  
  
   Des Data Officers. Ils coordonnent et mutualisent les énergies sur les projets Data comme dans le cadre de la Gouvernance et de l’administration des données.
   Nous recherchons un(e) Data Engineer. Vous participerez à la mise en oeuvre et au maintien du Système d’information Décisionnel du groupe. Pour les banques, les organismes de crédits à la consommation et les filiales, en France et à l’international :
  
   Compréhension de l’activité et des besoins de vos clients, en dialogue avec la MOA
   Compréhension du SI de production, en dialogue avec les équipes MOE
   Modélisation du Système d’Information Décisionnel
   Conception et réalisation
   Diagnostic des dysfonctionnements rencontrés
   Maintenances correctives et évolutives
   Support auprès des différents métiers
   Documentation technique
   Suivi des traitements
   Pilotage de projets
  
  Vous travaillerez sur une grande variété de projets: Connaissance des clients, Gestion des contrats bancaires, Ciblages commerciaux, Règlementation ESG, Prévention de la fraude, Ressources humaines, Gestion des automates bancaires,…
  Vous intervenez sur un environnement commun à l’ensemble des entités gérées sur le SI d’Euro Information: VERTICA, SEMARCHY Xdi, SAP Business Objects, Web FOCUS, …
  
   Vous participerez, coordonnerez et mènerez à bien des projets de valorisation de données sur des cas d’usages concrets : Des projets de bout en bout : de l’expression du besoin jusqu’à la réalisation et au suivi de sa performance en lien avec la MOA et nos Data Officers
   
    En mobilisant l’ensemble des acteurs : Business, Data Scientists, Data Engineer, sources de données …
    Avec participation aux prises de décision
    En mutualisant les travaux et les bonnes pratiques entre les acteurs et les différents métiers du groupe
    Dans vos projets et au-delà, vous porterez l’acculturation Data au sein du groupe.
  
 
  Ce que vous allez vivre chez nous
 
  Concrètement nos collaborateurs et nos collaboratrices bénéficient :
  
   D’une rémunération fixe versée sur 13 mois
   De 29 jours de congés payés et jusqu’à 23 jours de RTT par an
   D’une prime de participation et d’intéressement pouvant atteindre jusqu’à 2 mois de salaire en fonction des résultats du groupe
   D’un accord permettant jusqu’à 2 jours de télétravail/semaine
   D'un plan épargne entreprise (PEE), d’un plan épargne retraite collectif (PERECOL) et d’un compte épargne temps (CET)
   D’une participation aux frais de transports en commun jusqu’à 75 % ou d’une prime mobilité douce (cyclistes, covoiturage)
   D’un régime de retraite supplémentaire (PERO) prise en charge à 100 % par l’employeur après 12 mois d’ancienneté
   D’un plan de formation ambitieux et d’un accompagnement tout au long de la carrière
   D’une convention collective avantageuse et d’un ensemble de mesures complémentaires (parentalité, handicap et proches aidants, égalité professionnelle, …)
  
 
  Ce que nous allons aimer chez vous
 
  Vous disposez d’une expérience significative sur un poste équivalent.
  La maitrise de l’anglais serait un plus.
  
   Connaissance du monde OPEN
  Vous avez la maitrise d’un ETL, d’une base de données orientée Analytique.
  La connaissance de l’outil de modélisation PowerDesigner serait un plus.
  
   Connaissance du monde Host
  Une expérience mettant en oeuvre des technologies mainframe (MVS, JCL, Cobol, SGBD DB2, OPC) serait un plus
 
  Autres informations
 
  Le poste basé à Nantes est à pourvoir en CDI dès que possible.
 
",44000 Nantes,0,N/A,Indeed
Data Scientist / Data Analyst H/F - job post,Consort Group,"
 Chaque moment compte. Surtout ceux que vous vivez à fond. Bienvenue chez Consort Group.
 Consort Group, accompagne depuis plus de 30 ans les entreprises dans la valorisation de leurs données et infrastructures. Elle s'appuie sur deux leaders, Consortis et Consortia, et place l’humain et la responsabilité sociétale au cœur de ses valeurs.
  C’est votre future équipe
  Les équipes de ConsortIA, sont des acteurs de référence de la Data, du Développement Digital et de l'Ingénierie Média. En combinant ces expertises, nous concevons des systèmes d’information augmentés, intégrés, agiles et sécurisés, au service de la performance et de la transformation numérique de nos clients.
  Data Scientist / Data Analyst H/F
  C’est votre mission
 Vous êtes passionné·e par la donnée et la lutte contre la fraude ? Ce poste est fait pour vous.
 En tant que Data Scientist / Data Analyst spécialisé·e en lutte contre la fraude, vous contribuez à la détection, la modélisation et l’analyse des comportements suspects dans un environnement de données critiques et à forte volumétrie. Vous intervenez à la fois sur la construction et le pilotage opérationnel des modèles de détection.
 Côté build :
 
  Identifier, cartographier et documenter les sources de données liées à la fraude.
  Concevoir, entraîner et évaluer des modèles de scoring et de détection de fraude (machine learning, règles métier, classification, détection d’anomalies).
  Définir et mettre en œuvre les règles de nettoyage, de normalisation et de déduplication pour fiabiliser les jeux de données.
  Structurer le modèle de données cible et les indicateurs nécessaires à la surveillance des schémas de fraude.
  Concevoir et maintenir des dashboards analytiques et de suivi qualité pour le pilotage des dispositifs antifraude.
  Collaborer avec les Data Engineers, les Product Owners et les équipes métier pour optimiser la performance des modèles.
 
 Côté run :
 
  Assurer la supervision quotidienne des modèles de détection (scoring, taux d’alerte, faux positifs, efficacité des règles).
  Garantir la qualité, la fraîcheur et la fiabilité des données utilisées dans les analyses antifraude.
  Produire des reportings réguliers sur la performance des modèles et les tendances observées.
  Identifier les axes d’amélioration continue des modèles et des processus de détection.
  Participer aux revues et validations des déploiements de nouveaux modèles ou algorithmes de scoring.
 
  C’est votre parcours
 Vous avez au moins 3 ans d’expérience dans un poste de Data Scientist, Data Analyst ou Data Engineer au sein d’un dispositif de lutte contre la fraude (banque, paiements, assurance, e-commerce ou secteur connexe).  Vous maîtrisez les approches analytiques et statistiques appliquées à la détection de comportements frauduleux, ainsi que les bonnes pratiques de gouvernance de la donnée.
  C’est votre expertise :
 
  
   
    Python
    PySpark
    SQL
    Anglais : lu et écrit
    Bonne connaissance des algorithmes de Machine Learning supervisé et non supervisé appliqués à la fraude
    Expérience en Data Quality, Data Lineage et documentation des flux de données
    Maîtrise d’un ou plusieurs outils de visualisation (Power BI, Tableau, Data Studio…).
    Connaissance des environnements Big Data / Cloud (GCP, AWS, Azure…).
   
 
  C’est votre manière de faire équipe :
 
  Rigueur et sens de l'analyse
  Curiosité et esprit d'innovation
  Esprit d'équipe
 
  C’est notre engagement
 Chez Consort Group, vous êtes un·e expert·e qu’on accompagne pour que chaque mission devienne une étape qui compte.
 
  Un onboarding attentif et humain
  Une vraie proximité managériale
  Des formations accessibles en continu
  Des engagements concrets : inclusion, égalité, solidarité
  Le programme Move Up x United Heroes pour bouger et respirer
  Un package RH complet : mutuelle, carte TR, CSE, prévoyance
  Une culture du feedback et des projets qui font sens
 
  C’est clair
 Le process de recrutement :
 
  
   Un premier échange téléphonique avec notre team recrutement
  
  
   Un entretien RH ainsi qu’un échange métier avec un.e ingénieur.e d’affaires
  
  
   Un test ou un échange technique avec un.e de nos expert.es
  
  
   Un dernier point avec votre futur.e manager ou responsable de mission
  
  
   Et si on se reconnaît : on démarre ensemble
  
 
 
 C’est bon à savoir
 Lieu : La Défense Contrat : CDI Télétravail : Hybride Salaire : De 50 K€ à 70 K€ (selon expérience) brut annuel Famille métier : Data
  Ce que vous ferez ici, vous ne le ferez nulle part ailleurs. Ce moment, c’est le vôtre.
",75017 Paris•Télétravail partiel,0,N/A,Indeed
